SM_ID,AFFILIATE_ID,SOCIAL_MEDIA,URL,FOLLOWERS
1,1,instagram,https://instagram.com/emma.diaz,201592
2,1,tiktok,https://tiktok.com/@emma_diaz,74370
3,1,x,https://x.com/emma764,56450
4,1,other,https://linktr.ee/emma93,49254
5,2,instagram,https://instagram.com/the.gabriel,52769
6,3,instagram,https://instagram.com/the.matias,185316
7,3,tiktok,https://tiktok.com/@matias.perez,105878
8,4,instagram,https://instagram.com/javiera966,8000
9,4,tiktok,https://tiktok.com/@javiera992,1896
10,5,instagram,https://instagram.com/javier642,44568
11,5,tiktok,https://tiktok.com/@javier_lopez,23093
12,5,facebook,https://facebook.com/javier507,17942
13,6,instagram,https://instagram.com/pedro.silva,8000
14,6,tiktok,https://tiktok.com/@pedro704,5280
15,7,instagram,https://instagram.com/mariana.ramirez,358447
16,7,tiktok,https://tiktok.com/@mariana.ramirez,40363
17,7,youtube,https://youtube.com/@mariana.ramirez,266351
18,8,instagram,https://instagram.com/isabela.oliveira,8000
19,8,tiktok,https://tiktok.com/@isabela_oliveira,2113
20,8,youtube,https://youtube.com/@isabela.oliveira,5892
21,8,x,https://x.com/isabela_oliveira,4529
22,9,instagram,https://instagram.com/fernanda.lima,41009
23,9,youtube,https://youtube.com/@fernanda.lima,22054
24,10,instagram,https://instagram.com/mariana_morales,37167
25,10,tiktok,https://tiktok.com/@mariana162,9208
26,11,instagram,https://instagram.com/beatriz522,27003
27,11,tiktok,https://tiktok.com/@beatriz373,2603
28,11,other,https://linktr.ee/beatriz996,20073
29,12,x,https://x.com/pedro.ferreira,26334
30,13,instagram,https://instagram.com/nicolas.sanchez,18198
31,13,tiktok,https://tiktok.com/@nicolas.sanchez,9510
32,14,instagram,https://instagram.com/fernanda.morales,34062
33,14,tiktok,https://tiktok.com/@fernanda.morales,15362
34,14,facebook,https://facebook.com/fernanda310,15867
35,14,x,https://x.com/the.fernanda,22724
36,15,tiktok,https://tiktok.com/@rodrigo.ramirez,667971
37,15,youtube,https://youtube.com/@the.rodrigo,433251
38,15,facebook,https://facebook.com/rodrigo.ramirez,421035
39,16,instagram,https://instagram.com/the.fernanda,309509
40,16,youtube,https://youtube.com/@fernanda_gonzalez,40382
41,17,tiktok,https://tiktok.com/@camila791,67178
42,17,youtube,https://youtube.com/@camila980,43625
43,17,facebook,https://facebook.com/camila770,35621
44,18,instagram,https://instagram.com/guilherme_ribeiro,34533
45,18,facebook,https://facebook.com/the.guilherme,17657
46,19,instagram,https://instagram.com/the.larissa,38984
47,20,instagram,https://instagram.com/larissa.alves,277206
48,20,tiktok,https://tiktok.com/@larissa.alves,157724
49,20,youtube,https://youtube.com/@larissa.alves,61428
50,21,instagram,https://instagram.com/the.matias,299975
51,21,tiktok,https://tiktok.com/@matias_flores,60539
52,21,facebook,https://facebook.com/matias.flores,90616
53,21,other,https://linktr.ee/matias_flores,149227
54,22,tiktok,https://tiktok.com/@diego985,20450
55,22,other,https://linktr.ee/diego_sanchez,10565
56,23,tiktok,https://tiktok.com/@jorge937,8000
57,24,instagram,https://instagram.com/the.rodrigo,8000
58,24,tiktok,https://tiktok.com/@rodrigo.torres,1210
59,24,youtube,https://youtube.com/@the.rodrigo,5271
60,25,instagram,https://instagram.com/rodrigo.martinez,89273
61,25,facebook,https://facebook.com/rodrigo811,35075
62,26,instagram,https://instagram.com/mariana_lopez,26506
63,26,tiktok,https://tiktok.com/@mariana_lopez,4536
64,26,x,https://x.com/mariana646,10051
65,27,instagram,https://instagram.com/pedro650,114182
66,27,tiktok,https://tiktok.com/@the.pedro,57988
67,27,youtube,https://youtube.com/@pedro118,77955
68,27,x,https://x.com/pedro_oliveira,56783
69,27,other,https://linktr.ee/the.pedro,34450
70,28,instagram,https://instagram.com/karla.martinez,53211
71,29,instagram,https://instagram.com/julia_gomes,39732
72,29,tiktok,https://tiktok.com/@julia332,15083
73,29,facebook,https://facebook.com/julia651,10399
74,30,instagram,https://instagram.com/the.ignacio,15599
75,31,tiktok,https://tiktok.com/@larissa_ferreira,108045
76,31,facebook,https://facebook.com/the.larissa,21373
77,32,instagram,https://instagram.com/julia.ferreira,8000
78,32,tiktok,https://tiktok.com/@julia.ferreira,1000
79,32,youtube,https://youtube.com/@julia_ferreira,1000
80,32,facebook,https://facebook.com/julia993,2102
81,33,instagram,https://instagram.com/felipe.martinez,83172
82,33,tiktok,https://tiktok.com/@felipe.martinez,23928
83,33,facebook,https://facebook.com/felipe.martinez,32493
84,34,tiktok,https://tiktok.com/@the.karla,71514
85,34,youtube,https://youtube.com/@karla133,11769
86,34,x,https://x.com/the.karla,25688
87,35,instagram,https://instagram.com/the.fernanda,42786
88,35,tiktok,https://tiktok.com/@the.fernanda,6500
89,35,x,https://x.com/fernanda295,7885
90,35,other,https://linktr.ee/fernanda413,29693
91,36,instagram,https://instagram.com/isabela_silva,254817
92,36,tiktok,https://tiktok.com/@isabela.silva,119279
93,36,x,https://x.com/isabela_silva,158827
94,37,tiktok,https://tiktok.com/@sebastian_soto,8035
95,37,youtube,https://youtube.com/@the.sebastian,2116
96,38,instagram,https://instagram.com/pedro_lima,78666
97,39,instagram,https://instagram.com/guilherme_rodrigues,53219
98,39,tiktok,https://tiktok.com/@guilherme.rodrigues,14285
99,39,youtube,https://youtube.com/@guilherme47,9330
100,40,instagram,https://instagram.com/matheus.ribeiro,45011
101,41,tiktok,https://tiktok.com/@the.fernanda,78478
102,41,x,https://x.com/the.fernanda,55920
103,42,instagram,https://instagram.com/jorge_morales,62013
104,42,tiktok,https://tiktok.com/@the.jorge,35588
105,42,youtube,https://youtube.com/@jorge_morales,46381
106,42,facebook,https://facebook.com/jorge_morales,16823
107,43,instagram,https://instagram.com/nicolas_martinez,61402
108,43,x,https://x.com/the.nicolas,34886
109,44,instagram,https://instagram.com/diego251,12361
110,44,tiktok,https://tiktok.com/@the.diego,7009
111,44,youtube,https://youtube.com/@the.diego,4301
112,45,instagram,https://instagram.com/ignacio_perez,94979
113,45,tiktok,https://tiktok.com/@ignacio_perez,38047
114,45,youtube,https://youtube.com/@the.ignacio,41001
115,46,tiktok,https://tiktok.com/@the.fernanda,66640
116,46,youtube,https://youtube.com/@the.fernanda,25171
117,46,x,https://x.com/fernanda_sanchez,22011
118,47,instagram,https://instagram.com/the.diego,29263
119,47,tiktok,https://tiktok.com/@diego_alvarez,4035
120,48,instagram,https://instagram.com/rafael_gomes,48440
121,48,youtube,https://youtube.com/@rafael.gomes,15117
122,48,facebook,https://facebook.com/rafael_gomes,29630
123,49,tiktok,https://tiktok.com/@constanza.perez,102995
124,49,facebook,https://facebook.com/constanza_perez,70427
125,49,x,https://x.com/constanza850,21612
126,49,other,https://linktr.ee/constanza_perez,48979
127,50,instagram,https://instagram.com/santiago_diaz,38290
128,50,facebook,https://facebook.com/santiago.diaz,14525
129,51,instagram,https://instagram.com/matias274,31608
130,51,tiktok,https://tiktok.com/@the.matias,15498
131,51,facebook,https://facebook.com/matias.silva,9657
132,52,instagram,https://instagram.com/gabriel_gomes,21621
133,53,instagram,https://instagram.com/matias_alvarez,396005
134,54,instagram,https://instagram.com/constanza.alvarez,21868
135,54,tiktok,https://tiktok.com/@constanza_alvarez,15172
136,55,tiktok,https://tiktok.com/@gabriel244,265847
137,55,youtube,https://youtube.com/@gabriel_ribeiro,183230
138,56,instagram,https://instagram.com/julia194,73795
139,56,tiktok,https://tiktok.com/@julia.santos,12390
140,56,youtube,https://youtube.com/@julia217,37464
141,56,facebook,https://facebook.com/julia_santos,17059
142,56,x,https://x.com/the.julia,20040
143,57,tiktok,https://tiktok.com/@diego.lopez,93386
144,58,instagram,https://instagram.com/diego.alvarez,10509
145,58,tiktok,https://tiktok.com/@diego_alvarez,5185
146,58,other,https://linktr.ee/the.diego,1620
147,59,instagram,https://instagram.com/joão.rodrigues,8836
148,59,tiktok,https://tiktok.com/@joão202,2862
149,60,instagram,https://instagram.com/lucia_sanchez,10376
150,60,tiktok,https://tiktok.com/@lucia_sanchez,4618
151,60,youtube,https://youtube.com/@lucia_sanchez,7708
152,60,x,https://x.com/the.lucia,1283
153,61,instagram,https://instagram.com/the.rodrigo,35497
154,61,tiktok,https://tiktok.com/@rodrigo_flores,14820
155,61,youtube,https://youtube.com/@the.rodrigo,14905
156,62,instagram,https://instagram.com/matheus279,14499
157,63,instagram,https://instagram.com/martina.garcia,27350
158,63,tiktok,https://tiktok.com/@martina552,6115
159,64,instagram,https://instagram.com/bastian266,21212
160,64,youtube,https://youtube.com/@bastian_diaz,1759
161,65,instagram,https://instagram.com/the.rodrigo,12821
162,65,tiktok,https://tiktok.com/@rodrigo.martinez,1669
163,65,youtube,https://youtube.com/@rodrigo_martinez,4724
164,66,instagram,https://instagram.com/mariana.sanchez,23615
165,66,tiktok,https://tiktok.com/@mariana315,12260
166,67,instagram,https://instagram.com/the.javiera,747769
167,68,instagram,https://instagram.com/the.andres,173719
168,68,youtube,https://youtube.com/@the.andres,126442
169,69,instagram,https://instagram.com/the.pedro,14123
170,69,tiktok,https://tiktok.com/@pedro_alves,8222
171,69,x,https://x.com/pedro.alves,7607
172,70,instagram,https://instagram.com/the.valentina,70959
173,70,tiktok,https://tiktok.com/@valentina.martinez,18714
174,70,youtube,https://youtube.com/@valentina322,51098
175,71,instagram,https://instagram.com/the.rafael,94721
176,72,instagram,https://instagram.com/isabela.alves,9754
177,72,facebook,https://facebook.com/isabela759,6287
178,73,tiktok,https://tiktok.com/@daniela.lopez,17190
179,73,facebook,https://facebook.com/daniela.lopez,1905
180,74,instagram,https://instagram.com/jorge_morales,15510
181,74,tiktok,https://tiktok.com/@the.jorge,8823
182,75,instagram,https://instagram.com/mariana598,28738
183,75,tiktok,https://tiktok.com/@mariana_torres,10698
184,75,facebook,https://facebook.com/mariana213,12263
185,76,instagram,https://instagram.com/valentina393,31406
186,76,tiktok,https://tiktok.com/@the.valentina,11519
187,77,instagram,https://instagram.com/lucas.pereira,32445
188,77,tiktok,https://tiktok.com/@lucas.pereira,13477
189,77,youtube,https://youtube.com/@the.lucas,14346
190,78,instagram,https://instagram.com/ignacio454,8000
191,78,tiktok,https://tiktok.com/@ignacio_perez,4203
192,78,youtube,https://youtube.com/@the.ignacio,4413
193,79,youtube,https://youtube.com/@matheus_oliveira,23901
194,80,instagram,https://instagram.com/the.martina,13792
195,81,instagram,https://instagram.com/isabela_ribeiro,60581
196,81,facebook,https://facebook.com/isabela.ribeiro,41741
197,82,tiktok,https://tiktok.com/@facundo50,12588
198,82,x,https://x.com/facundo184,7249
199,83,instagram,https://instagram.com/karla_perez,23632
200,83,tiktok,https://tiktok.com/@karla_perez,3057
201,84,instagram,https://instagram.com/andres.lopez,8000
202,84,tiktok,https://tiktok.com/@andres.lopez,1476
203,84,facebook,https://facebook.com/the.andres,2917
204,84,other,https://linktr.ee/andres434,2113
205,85,instagram,https://instagram.com/jorge.gonzalez,24690
206,85,tiktok,https://tiktok.com/@jorge_gonzalez,4256
207,85,facebook,https://facebook.com/jorge_gonzalez,12825
208,85,x,https://x.com/jorge.gonzalez,14802
209,86,tiktok,https://tiktok.com/@sebastian_perez,535098
210,86,facebook,https://facebook.com/sebastian325,331623
211,87,instagram,https://instagram.com/isidora.gonzalez,14223
212,87,tiktok,https://tiktok.com/@isidora467,10186
213,87,facebook,https://facebook.com/isidora33,7143
214,87,x,https://x.com/the.isidora,3793
215,88,instagram,https://instagram.com/facundo291,33055
216,88,tiktok,https://tiktok.com/@facundo_gonzalez,19812
217,88,youtube,https://youtube.com/@the.facundo,17310
218,89,instagram,https://instagram.com/karla.ramirez,10292
219,89,tiktok,https://tiktok.com/@karla.ramirez,2463
220,90,instagram,https://instagram.com/valentina_sanchez,49039
221,90,facebook,https://facebook.com/valentina251,18163
222,91,tiktok,https://tiktok.com/@beatriz.silva,309260
223,91,youtube,https://youtube.com/@beatriz298,132344
224,92,instagram,https://instagram.com/pedro578,11110
225,92,tiktok,https://tiktok.com/@pedro889,3773
226,92,youtube,https://youtube.com/@pedro_rodrigues,2003
227,93,instagram,https://instagram.com/the.lautaro,249604
228,93,tiktok,https://tiktok.com/@lautaro703,76878
229,93,x,https://x.com/the.lautaro,161358
230,94,instagram,https://instagram.com/santiago.fernandez,8000
231,95,instagram,https://instagram.com/andres643,46166
232,95,tiktok,https://tiktok.com/@the.andres,10653
233,96,instagram,https://instagram.com/daniela_hernandez,24134
234,96,youtube,https://youtube.com/@daniela_hernandez,6275
235,96,facebook,https://facebook.com/daniela.hernandez,13120
236,97,instagram,https://instagram.com/mateo_fernandez,8000
237,97,tiktok,https://tiktok.com/@mateo889,3354
238,97,x,https://x.com/mateo503,4887
239,98,instagram,https://instagram.com/the.valentina,13091
240,98,tiktok,https://tiktok.com/@valentina.sanchez,8751
241,99,instagram,https://instagram.com/the.facundo,8000
242,99,tiktok,https://tiktok.com/@facundo516,5353
243,99,youtube,https://youtube.com/@facundo.torres,4298
244,99,x,https://x.com/the.facundo,1801
245,100,instagram,https://instagram.com/lucia.diaz,87523
246,100,tiktok,https://tiktok.com/@the.lucia,29718
247,100,youtube,https://youtube.com/@the.lucia,26000
248,101,instagram,https://instagram.com/isidora_contreras,55284
249,101,tiktok,https://tiktok.com/@isidora589,29162
250,101,youtube,https://youtube.com/@the.isidora,19532
251,102,instagram,https://instagram.com/sofia282,37433
252,102,tiktok,https://tiktok.com/@sofia479,25059
253,102,facebook,https://facebook.com/the.sofia,11555
254,103,instagram,https://instagram.com/karla.martinez,389403
255,103,tiktok,https://tiktok.com/@karla_martinez,218130
256,104,instagram,https://instagram.com/felipe_silva,33558
257,104,tiktok,https://tiktok.com/@felipe788,16844
258,105,instagram,https://instagram.com/rodrigo_flores,35563
259,105,youtube,https://youtube.com/@rodrigo782,6508
260,106,instagram,https://instagram.com/fernanda_ferreira,346990
261,106,tiktok,https://tiktok.com/@fernanda195,174611
262,106,youtube,https://youtube.com/@fernanda_ferreira,227309
263,106,facebook,https://facebook.com/fernanda.ferreira,166136
264,107,instagram,https://instagram.com/the.constanza,211857
265,107,youtube,https://youtube.com/@constanza58,130599
266,107,facebook,https://facebook.com/constanza801,128103
267,108,instagram,https://instagram.com/ana583,169501
268,108,tiktok,https://tiktok.com/@ana.oliveira,97805
269,108,facebook,https://facebook.com/the.ana,40578
270,109,facebook,https://facebook.com/the.beatriz,13712
271,110,instagram,https://instagram.com/joão_pereira,8000
272,110,tiktok,https://tiktok.com/@the.joão,1942
273,111,instagram,https://instagram.com/fernanda716,10704
274,111,tiktok,https://tiktok.com/@fernanda167,1994
275,112,tiktok,https://tiktok.com/@fernanda251,10901
276,112,facebook,https://facebook.com/fernanda_ramirez,2593
277,113,instagram,https://instagram.com/lucas.alves,102930
278,113,tiktok,https://tiktok.com/@lucas40,30181
279,113,x,https://x.com/lucas629,51076
280,114,instagram,https://instagram.com/jorge.perez,24695
281,114,tiktok,https://tiktok.com/@jorge_perez,16416
282,115,instagram,https://instagram.com/joão_silva,8000
283,115,youtube,https://youtube.com/@joão_silva,3132
284,115,facebook,https://facebook.com/the.joão,1756
285,116,instagram,https://instagram.com/the.valentina,19247
286,117,instagram,https://instagram.com/the.karla,27779
287,117,tiktok,https://tiktok.com/@karla.sanchez,8005
288,117,youtube,https://youtube.com/@karla.sanchez,5211
289,118,instagram,https://instagram.com/andres_ramirez,12778
290,119,instagram,https://instagram.com/agustina197,40288
291,119,tiktok,https://tiktok.com/@agustina_lopez,28040
292,119,facebook,https://facebook.com/agustina.lopez,3408
293,120,instagram,https://instagram.com/fernanda_martinez,8733
294,121,instagram,https://instagram.com/gabriel664,8000
295,121,tiktok,https://tiktok.com/@gabriel916,1838
296,121,facebook,https://facebook.com/gabriel.pereira,3165
297,121,x,https://x.com/gabriel618,2533
298,122,tiktok,https://tiktok.com/@bastian665,9713
299,122,youtube,https://youtube.com/@bastian174,5767
300,122,facebook,https://facebook.com/bastian444,1062
301,123,instagram,https://instagram.com/matias653,23896
302,123,tiktok,https://tiktok.com/@the.matias,13149
303,124,instagram,https://instagram.com/isabela_souza,149522
304,124,tiktok,https://tiktok.com/@isabela.souza,65235
305,125,instagram,https://instagram.com/miguel.morales,9676
306,125,tiktok,https://tiktok.com/@miguel.morales,2050
307,125,x,https://x.com/miguel_morales,4057
308,126,instagram,https://instagram.com/diego_rojas,75930
309,126,tiktok,https://tiktok.com/@diego599,28328
310,127,tiktok,https://tiktok.com/@the.julian,8000
311,127,youtube,https://youtube.com/@julian_romero,5352
312,127,facebook,https://facebook.com/julian332,4043
313,127,x,https://x.com/julian434,2970
314,128,instagram,https://instagram.com/sofia_lopez,11447
315,129,instagram,https://instagram.com/emma.lopez,19621
316,129,tiktok,https://tiktok.com/@emma.lopez,12765
317,129,youtube,https://youtube.com/@the.emma,2179
318,130,instagram,https://instagram.com/diego243,9838
319,130,tiktok,https://tiktok.com/@diego.garcia,6691
320,131,instagram,https://instagram.com/sofia884,8000
321,131,tiktok,https://tiktok.com/@sofia.fernandez,4729
322,131,youtube,https://youtube.com/@sofia.fernandez,1447
323,132,instagram,https://instagram.com/diego403,98078
324,132,tiktok,https://tiktok.com/@diego.garcia,23997
325,132,youtube,https://youtube.com/@the.diego,22937
326,132,facebook,https://facebook.com/the.diego,62429
327,132,x,https://x.com/diego.garcia,72260
328,133,instagram,https://instagram.com/the.pedro,129046
329,133,tiktok,https://tiktok.com/@pedro_rodrigues,58617
330,133,x,https://x.com/pedro817,20723
331,134,instagram,https://instagram.com/sebastian.diaz,22856
332,134,tiktok,https://tiktok.com/@sebastian978,10245
333,134,youtube,https://youtube.com/@sebastian562,2678
334,134,facebook,https://facebook.com/sebastian.diaz,4296
335,134,other,https://linktr.ee/sebastian_diaz,6453
336,135,instagram,https://instagram.com/camila.flores,14642
337,135,x,https://x.com/the.camila,6203
338,136,instagram,https://instagram.com/joão392,191390
339,136,tiktok,https://tiktok.com/@joão_gomes,79834
340,136,youtube,https://youtube.com/@joão_gomes,53052
341,137,instagram,https://instagram.com/lucas_santos,13416
342,137,tiktok,https://tiktok.com/@lucas983,5619
343,138,instagram,https://instagram.com/larissa_pereira,139765
344,138,tiktok,https://tiktok.com/@larissa_pereira,25181
345,138,youtube,https://youtube.com/@the.larissa,43956
346,138,facebook,https://facebook.com/larissa419,27518
347,138,x,https://x.com/larissa365,50202
348,139,tiktok,https://tiktok.com/@isabela.gomes,20216
349,139,facebook,https://facebook.com/isabela785,7219
350,139,x,https://x.com/isabela937,7256
351,140,instagram,https://instagram.com/the.paola,24365
352,140,tiktok,https://tiktok.com/@paola_garcia,14337
353,141,instagram,https://instagram.com/diego_alvarez,8000
354,141,tiktok,https://tiktok.com/@diego_alvarez,5972
355,141,youtube,https://youtube.com/@diego.alvarez,3618
356,141,facebook,https://facebook.com/diego609,4088
357,141,x,https://x.com/the.diego,5259
358,142,instagram,https://instagram.com/the.rodrigo,15446
359,142,tiktok,https://tiktok.com/@rodrigo_torres,1471
360,142,youtube,https://youtube.com/@rodrigo826,7594
361,143,instagram,https://instagram.com/the.mariana,8000
362,143,tiktok,https://tiktok.com/@mariana.ramirez,2184
363,143,youtube,https://youtube.com/@mariana837,3373
364,144,tiktok,https://tiktok.com/@lucas_lima,97998
365,145,instagram,https://instagram.com/matias346,33557
366,145,x,https://x.com/the.matias,5308
367,146,instagram,https://instagram.com/bastian.contreras,60748
368,146,tiktok,https://tiktok.com/@bastian948,36065
369,146,x,https://x.com/bastian.contreras,25460
370,147,instagram,https://instagram.com/julian313,12440
371,147,tiktok,https://tiktok.com/@julian_gonzalez,4592
372,147,youtube,https://youtube.com/@julian586,5600
373,147,other,https://linktr.ee/julian.gonzalez,4658
374,148,tiktok,https://tiktok.com/@the.camila,8000
375,148,x,https://x.com/the.camila,5874
376,149,instagram,https://instagram.com/the.andres,52179
377,149,tiktok,https://tiktok.com/@andres.gonzalez,11848
378,150,instagram,https://instagram.com/bastian_silva,8000
379,150,tiktok,https://tiktok.com/@the.bastian,3320
380,151,instagram,https://instagram.com/felipe.rojas,55375
381,151,youtube,https://youtube.com/@felipe.rojas,12866
382,151,facebook,https://facebook.com/felipe624,35697
383,152,instagram,https://instagram.com/lucas325,104829
384,152,tiktok,https://tiktok.com/@lucas_ferreira,73664
385,152,youtube,https://youtube.com/@lucas_ferreira,67028
386,152,facebook,https://facebook.com/the.lucas,71310
387,153,instagram,https://instagram.com/beatriz_gomes,31416
388,153,tiktok,https://tiktok.com/@beatriz.gomes,8339
389,153,youtube,https://youtube.com/@beatriz981,4364
390,153,x,https://x.com/beatriz_gomes,7087
391,153,other,https://linktr.ee/beatriz_gomes,3834
392,154,instagram,https://instagram.com/mariana.martinez,122599
393,154,facebook,https://facebook.com/mariana_martinez,58232
394,155,instagram,https://instagram.com/larissa_pereira,14394
395,155,tiktok,https://tiktok.com/@larissa_pereira,10710
396,155,other,https://linktr.ee/the.larissa,2363
397,156,instagram,https://instagram.com/beatriz651,13505
398,157,instagram,https://instagram.com/matheus372,8000
399,157,tiktok,https://tiktok.com/@matheus.silva,4640
400,158,instagram,https://instagram.com/gabriel.oliveira,10816
401,158,tiktok,https://tiktok.com/@the.gabriel,6057
402,158,facebook,https://facebook.com/gabriel942,6932
403,159,instagram,https://instagram.com/felipe.soto,43384
404,159,tiktok,https://tiktok.com/@felipe.soto,4880
405,160,instagram,https://instagram.com/diego.munoz,37699
406,161,instagram,https://instagram.com/the.mateo,35545
407,161,tiktok,https://tiktok.com/@mateo555,18511
408,161,other,https://linktr.ee/mateo_fernandez,2919
409,162,tiktok,https://tiktok.com/@isabela_pereira,10320
410,162,youtube,https://youtube.com/@isabela.pereira,6814
411,163,instagram,https://instagram.com/mariana534,27948
412,163,tiktok,https://tiktok.com/@mariana_flores,18993
413,163,other,https://linktr.ee/mariana215,13628
414,164,instagram,https://instagram.com/santiago173,156992
415,164,tiktok,https://tiktok.com/@santiago118,105159
416,164,youtube,https://youtube.com/@the.santiago,59161
417,165,instagram,https://instagram.com/valentina755,160591
418,165,youtube,https://youtube.com/@the.valentina,71258
419,166,instagram,https://instagram.com/paola_martinez,100450
420,166,tiktok,https://tiktok.com/@paola_martinez,19492
421,166,x,https://x.com/paola_martinez,19485
422,167,instagram,https://instagram.com/the.larissa,40931
423,167,tiktok,https://tiktok.com/@larissa.oliveira,28775
424,168,instagram,https://instagram.com/fernanda82,173803
425,168,tiktok,https://tiktok.com/@the.fernanda,66444
426,169,instagram,https://instagram.com/daniela.martinez,415171
427,169,tiktok,https://tiktok.com/@daniela_martinez,286617
428,170,instagram,https://instagram.com/javier_morales,8000
429,170,youtube,https://youtube.com/@javier47,2650
430,170,x,https://x.com/javier.morales,2209
431,171,instagram,https://instagram.com/emma.sanchez,581983
432,171,tiktok,https://tiktok.com/@the.emma,265254
433,172,instagram,https://instagram.com/tomas.torres,12666
434,172,tiktok,https://tiktok.com/@the.tomas,5091
435,172,youtube,https://youtube.com/@tomas_torres,2181
436,173,instagram,https://instagram.com/fernanda_perez,37944
437,173,tiktok,https://tiktok.com/@fernanda.perez,9032
438,173,youtube,https://youtube.com/@fernanda.perez,23379
439,174,instagram,https://instagram.com/the.rafael,75398
440,175,instagram,https://instagram.com/the.fernanda,28981
441,176,instagram,https://instagram.com/julia729,36779
442,176,tiktok,https://tiktok.com/@julia.pereira,5595
443,176,youtube,https://youtube.com/@julia568,13725
444,177,instagram,https://instagram.com/the.santiago,28571
445,177,youtube,https://youtube.com/@santiago_romero,8142
446,177,facebook,https://facebook.com/the.santiago,7287
447,178,instagram,https://instagram.com/diego_garcia,24497
448,178,tiktok,https://tiktok.com/@diego_garcia,10320
449,178,x,https://x.com/diego.garcia,3649
450,179,instagram,https://instagram.com/facundo.garcia,64589
451,180,instagram,https://instagram.com/lucia_rodriguez,49816
452,180,tiktok,https://tiktok.com/@lucia.rodriguez,12600
453,180,youtube,https://youtube.com/@the.lucia,29075
454,180,facebook,https://facebook.com/the.lucia,33217
455,181,instagram,https://instagram.com/ignacio826,19007
456,181,x,https://x.com/ignacio_munoz,3991
457,182,instagram,https://instagram.com/julian_fernandez,63172
458,182,tiktok,https://tiktok.com/@julian875,11608
459,183,instagram,https://instagram.com/the.miguel,8000
460,183,tiktok,https://tiktok.com/@miguel334,1000
461,183,x,https://x.com/miguel.lopez,5302
462,184,instagram,https://instagram.com/the.andres,243363
463,185,instagram,https://instagram.com/felipe875,14577
464,185,youtube,https://youtube.com/@the.felipe,9225
465,185,facebook,https://facebook.com/the.felipe,4895
466,186,instagram,https://instagram.com/the.ignacio,38405
467,186,tiktok,https://tiktok.com/@ignacio744,21590
468,186,facebook,https://facebook.com/ignacio.martinez,21892
469,187,instagram,https://instagram.com/julian_rodriguez,65769
470,187,facebook,https://facebook.com/julian_rodriguez,48716
471,188,instagram,https://instagram.com/the.catalina,34067
472,188,youtube,https://youtube.com/@catalina.silva,5288
473,189,other,https://linktr.ee/julia558,44897
474,190,tiktok,https://tiktok.com/@guilherme611,15703
475,191,instagram,https://instagram.com/diego453,9707
476,191,tiktok,https://tiktok.com/@diego_morales,6387
477,192,instagram,https://instagram.com/guilherme987,32517
478,192,tiktok,https://tiktok.com/@guilherme647,24200
479,193,instagram,https://instagram.com/lucas.ferreira,28955
480,193,youtube,https://youtube.com/@lucas557,4112
481,193,facebook,https://facebook.com/the.lucas,14215
482,194,instagram,https://instagram.com/lucas172,16271
483,195,instagram,https://instagram.com/pedro.ribeiro,33779
484,195,tiktok,https://tiktok.com/@pedro301,25304
485,196,instagram,https://instagram.com/the.rodrigo,9969
486,197,instagram,https://instagram.com/javier_torres,76100
487,197,tiktok,https://tiktok.com/@the.javier,18881
488,198,instagram,https://instagram.com/gabriel_lima,41448
489,198,tiktok,https://tiktok.com/@gabriel.lima,12897
490,198,youtube,https://youtube.com/@gabriel_lima,4427
491,199,instagram,https://instagram.com/lucas.pereira,53804
492,199,tiktok,https://tiktok.com/@lucas_pereira,16133
493,199,x,https://x.com/the.lucas,7421
494,200,instagram,https://instagram.com/miguel356,8900
495,201,instagram,https://instagram.com/beatriz.gomes,27901
496,201,tiktok,https://tiktok.com/@the.beatriz,4968
497,202,instagram,https://instagram.com/andres771,11814
498,202,youtube,https://youtube.com/@andres_hernandez,3666
499,202,x,https://x.com/andres_hernandez,7007
500,203,youtube,https://youtube.com/@valentina452,10931
501,204,instagram,https://instagram.com/valentina.soto,8000
502,204,facebook,https://facebook.com/valentina_soto,4797
503,205,instagram,https://instagram.com/lautaro276,18782
504,205,tiktok,https://tiktok.com/@the.lautaro,4989
505,205,youtube,https://youtube.com/@lautaro51,5777
506,205,facebook,https://facebook.com/lautaro586,12434
507,206,instagram,https://instagram.com/facundo_romero,74746
508,206,tiktok,https://tiktok.com/@facundo.romero,42207
509,207,instagram,https://instagram.com/javiera.gonzalez,184352
510,207,tiktok,https://tiktok.com/@javiera481,39918
511,207,youtube,https://youtube.com/@the.javiera,107775
512,208,instagram,https://instagram.com/diego653,26098
513,208,tiktok,https://tiktok.com/@diego_rojas,17901
514,209,instagram,https://instagram.com/the.karla,8000
515,209,tiktok,https://tiktok.com/@karla369,2873
516,209,facebook,https://facebook.com/karla_perez,5030
517,210,instagram,https://instagram.com/valentina848,12593
518,210,other,https://linktr.ee/valentina.perez,8602
519,211,instagram,https://instagram.com/sofia_torres,29064
520,211,tiktok,https://tiktok.com/@the.sofia,10656
521,212,instagram,https://instagram.com/javier.lopez,93557
522,212,tiktok,https://tiktok.com/@the.javier,27273
523,212,youtube,https://youtube.com/@javier_lopez,16594
524,212,facebook,https://facebook.com/the.javier,9378
525,213,instagram,https://instagram.com/rodrigo.perez,128725
526,214,instagram,https://instagram.com/martina304,12694
527,214,tiktok,https://tiktok.com/@martina_sanchez,7152
528,215,tiktok,https://tiktok.com/@rafael829,282502
529,215,facebook,https://facebook.com/the.rafael,64073
530,216,tiktok,https://tiktok.com/@ana952,65159
531,216,youtube,https://youtube.com/@ana.gomes,15602
532,216,x,https://x.com/ana95,39225
533,217,instagram,https://instagram.com/julia_silva,107371
534,217,tiktok,https://tiktok.com/@julia_silva,75505
535,218,instagram,https://instagram.com/santiago_perez,11141
536,219,tiktok,https://tiktok.com/@sofia_fernandez,8000
537,219,x,https://x.com/sofia.fernandez,3125
538,220,instagram,https://instagram.com/isabela_ribeiro,14709
539,220,youtube,https://youtube.com/@isabela_ribeiro,4253
540,220,facebook,https://facebook.com/isabela_ribeiro,7955
541,220,other,https://linktr.ee/isabela684,1579
542,221,instagram,https://instagram.com/fernanda389,8000
543,221,tiktok,https://tiktok.com/@fernanda.gonzalez,1425
544,221,other,https://linktr.ee/fernanda510,4549
545,222,instagram,https://instagram.com/fernanda_perez,57494
546,222,tiktok,https://tiktok.com/@fernanda819,13324
547,223,instagram,https://instagram.com/felipe.rojas,51954
548,223,tiktok,https://tiktok.com/@the.felipe,15685
549,223,facebook,https://facebook.com/felipe729,10725
550,223,x,https://x.com/felipe_rojas,20465
551,224,instagram,https://instagram.com/facundo.fernandez,12370
552,225,instagram,https://instagram.com/valentina.diaz,54541
553,225,tiktok,https://tiktok.com/@valentina_diaz,18424
554,225,youtube,https://youtube.com/@the.valentina,22248
555,226,instagram,https://instagram.com/the.matheus,34526
556,226,tiktok,https://tiktok.com/@matheus.gomes,24332
557,227,instagram,https://instagram.com/sofia303,14477
558,227,tiktok,https://tiktok.com/@the.sofia,10157
559,227,youtube,https://youtube.com/@sofia.fernandez,6987
560,228,tiktok,https://tiktok.com/@lucia_perez,316385
561,228,youtube,https://youtube.com/@lucia_perez,164799
562,229,instagram,https://instagram.com/larissa_ferreira,183723
563,230,instagram,https://instagram.com/nicolas830,85449
564,230,tiktok,https://tiktok.com/@nicolas.torres,18525
565,230,facebook,https://facebook.com/the.nicolas,15741
566,230,x,https://x.com/nicolas_torres,14230
567,231,instagram,https://instagram.com/the.guilherme,90295
568,231,tiktok,https://tiktok.com/@guilherme_alves,51916
569,231,youtube,https://youtube.com/@the.guilherme,23590
570,232,tiktok,https://tiktok.com/@sofia_perez,83585
571,233,instagram,https://instagram.com/sebastian_rojas,16549
572,233,tiktok,https://tiktok.com/@sebastian.rojas,6264
573,234,instagram,https://instagram.com/nicolas.romero,256125
574,234,tiktok,https://tiktok.com/@the.nicolas,148764
575,235,instagram,https://instagram.com/matheus.alves,68313
576,235,tiktok,https://tiktok.com/@matheus.alves,29741
577,236,instagram,https://instagram.com/guilherme.gomes,58616
578,236,tiktok,https://tiktok.com/@guilherme.gomes,12226
579,236,youtube,https://youtube.com/@guilherme.gomes,31603
580,237,instagram,https://instagram.com/agustina.fernandez,10176
581,237,tiktok,https://tiktok.com/@agustina.fernandez,5858
582,238,instagram,https://instagram.com/isidora_contreras,52995
583,238,facebook,https://facebook.com/the.isidora,32508
584,238,x,https://x.com/the.isidora,9260
585,239,instagram,https://instagram.com/isabela377,8000
586,239,tiktok,https://tiktok.com/@isabela607,1000
587,239,youtube,https://youtube.com/@the.isabela,1753
588,239,facebook,https://facebook.com/isabela.gomes,4300
589,239,x,https://x.com/isabela.gomes,1763
590,239,other,https://linktr.ee/isabela576,3057
591,240,instagram,https://instagram.com/julia.ribeiro,13462
592,240,tiktok,https://tiktok.com/@julia.ribeiro,4237
593,240,youtube,https://youtube.com/@julia.ribeiro,4379
594,241,instagram,https://instagram.com/the.sebastian,21695
595,241,tiktok,https://tiktok.com/@the.sebastian,14534
596,241,facebook,https://facebook.com/sebastian.soto,7725
597,242,instagram,https://instagram.com/daniela319,365255
598,242,tiktok,https://tiktok.com/@the.daniela,191528
599,242,youtube,https://youtube.com/@daniela.perez,108367
600,243,instagram,https://instagram.com/javier_morales,320491
601,243,tiktok,https://tiktok.com/@javier_morales,232707
602,243,facebook,https://facebook.com/javier.morales,91402
603,244,instagram,https://instagram.com/pedro.rodrigues,33565
604,244,tiktok,https://tiktok.com/@pedro511,6535
605,245,instagram,https://instagram.com/diego_flores,106599
606,245,tiktok,https://tiktok.com/@diego533,71014
607,245,youtube,https://youtube.com/@diego_flores,20561
608,245,facebook,https://facebook.com/the.diego,37098
609,246,instagram,https://instagram.com/the.rafael,157975
610,247,instagram,https://instagram.com/fernanda541,16308
611,247,tiktok,https://tiktok.com/@fernanda333,6419
612,248,instagram,https://instagram.com/catalina.soto,143657
613,248,tiktok,https://tiktok.com/@the.catalina,28436
614,248,youtube,https://youtube.com/@catalina_soto,30044
615,249,instagram,https://instagram.com/bastian.munoz,249020
616,249,tiktok,https://tiktok.com/@bastian_munoz,93944
617,250,instagram,https://instagram.com/bastian.gonzalez,16865
618,250,tiktok,https://tiktok.com/@bastian.gonzalez,8959
619,250,facebook,https://facebook.com/bastian_gonzalez,11691
620,250,x,https://x.com/bastian.gonzalez,4810
621,251,instagram,https://instagram.com/rafael.oliveira,73269
622,252,instagram,https://instagram.com/valentina349,148869
623,252,youtube,https://youtube.com/@the.valentina,95835
624,252,facebook,https://facebook.com/valentina418,46495
625,253,instagram,https://instagram.com/the.isidora,36532
626,254,instagram,https://instagram.com/fernanda.perez,48219
627,254,tiktok,https://tiktok.com/@fernanda744,15791
628,255,instagram,https://instagram.com/joão.lima,9874
629,255,tiktok,https://tiktok.com/@joão.lima,4426
630,255,other,https://linktr.ee/joão50,4758
631,256,tiktok,https://tiktok.com/@valentina63,110489
632,257,instagram,https://instagram.com/the.karla,8000
633,257,tiktok,https://tiktok.com/@karla.torres,4236
634,257,youtube,https://youtube.com/@karla_torres,2182
635,257,facebook,https://facebook.com/karla_torres,1000
636,258,instagram,https://instagram.com/felipe_rojas,8609
637,259,instagram,https://instagram.com/sebastian_flores,29318
638,259,tiktok,https://tiktok.com/@the.sebastian,8292
639,260,instagram,https://instagram.com/fernanda_gonzalez,17120
640,261,instagram,https://instagram.com/fernanda266,40892
641,261,tiktok,https://tiktok.com/@the.fernanda,13239
642,261,youtube,https://youtube.com/@fernanda_gonzalez,6043
643,261,facebook,https://facebook.com/fernanda.gonzalez,28826
644,262,instagram,https://instagram.com/rodrigo664,123324
645,262,youtube,https://youtube.com/@rodrigo201,22769
646,262,facebook,https://facebook.com/rodrigo.flores,82514
647,262,x,https://x.com/rodrigo.flores,11415
648,262,other,https://linktr.ee/rodrigo_flores,51281
649,263,tiktok,https://tiktok.com/@the.fernanda,86972
650,263,youtube,https://youtube.com/@fernanda.ramirez,14425
651,263,other,https://linktr.ee/the.fernanda,46392
652,264,instagram,https://instagram.com/javiera753,8000
653,264,tiktok,https://tiktok.com/@javiera390,4382
654,264,facebook,https://facebook.com/the.javiera,2378
655,265,instagram,https://instagram.com/isabela453,299335
656,265,tiktok,https://tiktok.com/@the.isabela,137994
657,265,youtube,https://youtube.com/@isabela494,83034
658,266,instagram,https://instagram.com/valentina_garcia,167629
659,266,tiktok,https://tiktok.com/@valentina_garcia,102263
660,267,instagram,https://instagram.com/catalina19,70950
661,267,youtube,https://youtube.com/@catalina.contreras,32764
662,267,facebook,https://facebook.com/catalina43,49184
663,268,youtube,https://youtube.com/@miguel_torres,95619
664,268,facebook,https://facebook.com/the.miguel,38080
665,269,tiktok,https://tiktok.com/@diego296,110138
666,269,youtube,https://youtube.com/@the.diego,75992
667,270,instagram,https://instagram.com/valentina_hernandez,64113
668,270,tiktok,https://tiktok.com/@valentina480,7601
669,270,facebook,https://facebook.com/valentina300,23563
670,271,instagram,https://instagram.com/guilherme457,105243
671,271,youtube,https://youtube.com/@guilherme924,28649
672,272,instagram,https://instagram.com/joão871,37041
673,272,tiktok,https://tiktok.com/@joão.silva,13894
674,273,instagram,https://instagram.com/the.fernanda,94376
675,273,tiktok,https://tiktok.com/@fernanda635,11896
676,273,youtube,https://youtube.com/@fernanda_lima,27263
677,274,instagram,https://instagram.com/lucas.pereira,26758
678,274,x,https://x.com/lucas878,2327
679,275,instagram,https://instagram.com/joão620,93014
680,275,facebook,https://facebook.com/the.joão,11116
681,276,instagram,https://instagram.com/diego.alvarez,73714
682,276,tiktok,https://tiktok.com/@diego_alvarez,14775
683,277,instagram,https://instagram.com/lucas.ribeiro,20097
684,277,tiktok,https://tiktok.com/@lucas.ribeiro,3132
685,278,instagram,https://instagram.com/valentina269,14898
686,278,tiktok,https://tiktok.com/@valentina_martinez,8292
687,279,instagram,https://instagram.com/fernanda.morales,8346
688,279,tiktok,https://tiktok.com/@fernanda.morales,2856
689,280,instagram,https://instagram.com/the.gabriel,58855
690,280,tiktok,https://tiktok.com/@gabriel_silva,19517
691,281,instagram,https://instagram.com/karla771,173734
692,281,tiktok,https://tiktok.com/@karla990,23358
693,281,youtube,https://youtube.com/@karla_lopez,35168
694,281,x,https://x.com/karla.lopez,116725
695,282,instagram,https://instagram.com/diego_sanchez,96231
696,282,youtube,https://youtube.com/@diego_sanchez,30934
697,283,instagram,https://instagram.com/julia_alves,78304
698,283,tiktok,https://tiktok.com/@the.julia,54104
699,283,facebook,https://facebook.com/the.julia,13255
700,283,x,https://x.com/julia423,45440
701,284,instagram,https://instagram.com/isabela_gomes,47115
702,284,tiktok,https://tiktok.com/@isabela54,7874
703,285,instagram,https://instagram.com/gabriel.souza,75520
704,285,tiktok,https://tiktok.com/@gabriel892,19052
705,285,x,https://x.com/gabriel833,39293
706,286,instagram,https://instagram.com/gabriel869,12417
707,286,tiktok,https://tiktok.com/@gabriel553,4002
708,287,tiktok,https://tiktok.com/@nicolas903,42577
709,288,instagram,https://instagram.com/the.daniela,74818
710,288,tiktok,https://tiktok.com/@daniela390,43803
711,289,instagram,https://instagram.com/javier_torres,284127
712,289,tiktok,https://tiktok.com/@the.javier,93739
713,290,instagram,https://instagram.com/larissa.rodrigues,10871
714,290,tiktok,https://tiktok.com/@the.larissa,3932
715,290,facebook,https://facebook.com/larissa.rodrigues,1378
716,290,x,https://x.com/the.larissa,2291
717,291,instagram,https://instagram.com/the.constanza,44221
718,291,tiktok,https://tiktok.com/@constanza.contreras,19703
719,292,instagram,https://instagram.com/paola.flores,18123
720,292,tiktok,https://tiktok.com/@paola.flores,11838
721,293,instagram,https://instagram.com/lucas183,59529
722,293,facebook,https://facebook.com/lucas.santos,40685
723,293,x,https://x.com/lucas63,38827
724,294,instagram,https://instagram.com/guilherme.santos,66899
725,294,tiktok,https://tiktok.com/@guilherme.santos,8188
726,294,facebook,https://facebook.com/guilherme540,39354
727,294,x,https://x.com/the.guilherme,23932
728,295,instagram,https://instagram.com/the.lucas,8000
729,296,instagram,https://instagram.com/diego619,76529
730,296,tiktok,https://tiktok.com/@the.diego,45719
731,296,youtube,https://youtube.com/@diego963,56525
732,296,facebook,https://facebook.com/diego407,11462
733,297,instagram,https://instagram.com/karla.ramirez,65410
734,297,tiktok,https://tiktok.com/@karla.ramirez,48915
735,297,facebook,https://facebook.com/karla.ramirez,9629
736,297,other,https://linktr.ee/karla_ramirez,38688
737,298,youtube,https://youtube.com/@mariana.lopez,92945
738,299,instagram,https://instagram.com/the.martina,29002
739,300,instagram,https://instagram.com/the.pedro,39297
740,300,tiktok,https://tiktok.com/@the.pedro,20271
741,301,instagram,https://instagram.com/javier_flores,58207
742,301,tiktok,https://tiktok.com/@javier.flores,16306
743,302,instagram,https://instagram.com/rafael_souza,28973
744,302,tiktok,https://tiktok.com/@the.rafael,15533
745,302,youtube,https://youtube.com/@the.rafael,5344
746,303,instagram,https://instagram.com/the.emma,275898
747,304,instagram,https://instagram.com/julia74,77606
748,304,tiktok,https://tiktok.com/@the.julia,26006
749,304,facebook,https://facebook.com/julia.pereira,43623
750,305,instagram,https://instagram.com/facundo313,41014
751,305,tiktok,https://tiktok.com/@the.facundo,21968
752,305,youtube,https://youtube.com/@facundo.torres,5139
753,305,x,https://x.com/facundo.torres,29495
754,306,tiktok,https://tiktok.com/@julian.diaz,207114
755,306,facebook,https://facebook.com/the.julian,21675
756,306,x,https://x.com/julian_diaz,69640
757,307,instagram,https://instagram.com/the.constanza,37717
758,307,tiktok,https://tiktok.com/@constanza_contreras,5188
759,308,instagram,https://instagram.com/jorge750,45602
760,308,tiktok,https://tiktok.com/@jorge_hernandez,10971
761,308,facebook,https://facebook.com/jorge89,5272
762,309,tiktok,https://tiktok.com/@fernanda_souza,58851
763,309,youtube,https://youtube.com/@fernanda822,41450
764,309,facebook,https://facebook.com/fernanda_souza,21004
765,309,x,https://x.com/the.fernanda,18840
766,310,instagram,https://instagram.com/miguel833,224867
767,310,tiktok,https://tiktok.com/@miguel165,138716
768,310,youtube,https://youtube.com/@the.miguel,54569
769,311,instagram,https://instagram.com/sebastian_diaz,62029
770,311,tiktok,https://tiktok.com/@sebastian.diaz,6523
771,311,youtube,https://youtube.com/@sebastian552,34379
772,311,facebook,https://facebook.com/the.sebastian,35048
773,312,instagram,https://instagram.com/lautaro.fernandez,296471
774,312,tiktok,https://tiktok.com/@lautaro.fernandez,221230
775,312,x,https://x.com/lautaro_fernandez,195747
776,313,instagram,https://instagram.com/mariana.ramirez,13158
777,313,tiktok,https://tiktok.com/@mariana970,8803
778,314,instagram,https://instagram.com/the.joão,8000
779,314,tiktok,https://tiktok.com/@the.joão,3121
780,315,tiktok,https://tiktok.com/@the.agustina,18811
781,316,instagram,https://instagram.com/lautaro.garcia,29524
782,316,tiktok,https://tiktok.com/@lautaro.garcia,17631
783,316,facebook,https://facebook.com/lautaro523,14734
784,317,tiktok,https://tiktok.com/@bastian662,57219
785,318,tiktok,https://tiktok.com/@the.rafael,26444
786,318,youtube,https://youtube.com/@rafael_gomes,12838
787,319,tiktok,https://tiktok.com/@ignacio568,32383
788,320,instagram,https://instagram.com/facundo_rodriguez,29044
789,320,tiktok,https://tiktok.com/@facundo773,16047
790,320,other,https://linktr.ee/the.facundo,3540
791,321,instagram,https://instagram.com/the.matheus,37567
792,321,tiktok,https://tiktok.com/@matheus647,4885
793,321,youtube,https://youtube.com/@matheus496,21040
794,321,x,https://x.com/matheus255,22985
795,322,instagram,https://instagram.com/guilherme_lima,19192
796,322,tiktok,https://tiktok.com/@guilherme_lima,6045
797,323,instagram,https://instagram.com/joão_silva,12706
798,323,tiktok,https://tiktok.com/@joão_silva,8214
799,323,youtube,https://youtube.com/@joão458,2497
800,324,tiktok,https://tiktok.com/@mateo_romero,74674
801,324,x,https://x.com/mateo255,40331
802,325,instagram,https://instagram.com/fernanda793,23811
803,325,tiktok,https://tiktok.com/@the.fernanda,12608
804,326,tiktok,https://tiktok.com/@mateo_lopez,509570
805,327,instagram,https://instagram.com/jorge553,48945
806,327,tiktok,https://tiktok.com/@the.jorge,7076
807,328,instagram,https://instagram.com/the.beatriz,25995
808,328,facebook,https://facebook.com/beatriz.gomes,10323
809,329,instagram,https://instagram.com/rodrigo.torres,37211
810,329,tiktok,https://tiktok.com/@rodrigo277,11274
811,329,other,https://linktr.ee/rodrigo.torres,17123
812,330,instagram,https://instagram.com/jorge_morales,44359
813,330,facebook,https://facebook.com/the.jorge,31525
814,331,instagram,https://instagram.com/julia.lima,8000
815,331,tiktok,https://tiktok.com/@julia993,4849
816,332,instagram,https://instagram.com/martina.torres,8000
817,332,tiktok,https://tiktok.com/@martina.torres,1986
818,332,youtube,https://youtube.com/@martina821,1000
819,333,instagram,https://instagram.com/larissa518,64019
820,333,tiktok,https://tiktok.com/@the.larissa,28903
821,334,instagram,https://instagram.com/diego_ramirez,1649260
822,334,tiktok,https://tiktok.com/@diego_ramirez,165827
823,334,youtube,https://youtube.com/@diego990,943493
824,334,facebook,https://facebook.com/diego376,498932
825,335,instagram,https://instagram.com/the.constanza,8000
826,335,tiktok,https://tiktok.com/@constanza.silva,1327
827,335,facebook,https://facebook.com/constanza.silva,4054
828,336,instagram,https://instagram.com/nicolas128,24261
829,336,tiktok,https://tiktok.com/@nicolas.rodriguez,4459
830,336,youtube,https://youtube.com/@nicolas.rodriguez,9707
831,337,instagram,https://instagram.com/diego_alvarez,141695
832,337,youtube,https://youtube.com/@diego.alvarez,78976
833,338,instagram,https://instagram.com/julian.rodriguez,73147
834,338,tiktok,https://tiktok.com/@julian_rodriguez,16805
835,339,instagram,https://instagram.com/valentina959,102967
836,339,tiktok,https://tiktok.com/@valentina_ramirez,42213
837,339,x,https://x.com/valentina.ramirez,26213
838,340,instagram,https://instagram.com/javiera843,57859
839,340,tiktok,https://tiktok.com/@javiera.martinez,7918
840,340,youtube,https://youtube.com/@the.javiera,27442
841,341,instagram,https://instagram.com/julian848,48353
842,341,tiktok,https://tiktok.com/@julian778,4760
843,341,youtube,https://youtube.com/@julian.romero,7645
844,342,instagram,https://instagram.com/the.miguel,71660
845,343,instagram,https://instagram.com/fernanda.hernandez,17768
846,343,tiktok,https://tiktok.com/@the.fernanda,1746
847,343,facebook,https://facebook.com/the.fernanda,3068
848,344,instagram,https://instagram.com/the.tomas,263653
849,345,instagram,https://instagram.com/constanza638,32016
850,345,tiktok,https://tiktok.com/@constanza299,15936
851,345,youtube,https://youtube.com/@constanza960,5428
852,345,other,https://linktr.ee/constanza533,4809
853,346,instagram,https://instagram.com/rodrigo271,41777
854,346,other,https://linktr.ee/rodrigo799,19984
855,347,instagram,https://instagram.com/the.isidora,26004
856,347,tiktok,https://tiktok.com/@the.isidora,7183
857,347,youtube,https://youtube.com/@isidora19,10194
858,347,x,https://x.com/the.isidora,15092
859,348,instagram,https://instagram.com/lucia_diaz,12155
860,348,tiktok,https://tiktok.com/@lucia820,2351
861,348,facebook,https://facebook.com/lucia877,7628
862,349,tiktok,https://tiktok.com/@valentina.hernandez,21353
863,350,instagram,https://instagram.com/the.fernanda,11025
864,350,tiktok,https://tiktok.com/@fernanda256,3167
865,350,youtube,https://youtube.com/@fernanda.flores,2858
866,350,x,https://x.com/fernanda571,2653
867,351,instagram,https://instagram.com/valentina_sanchez,20660
868,351,tiktok,https://tiktok.com/@valentina.sanchez,13225
869,351,facebook,https://facebook.com/valentina800,9879
870,352,instagram,https://instagram.com/jorge.torres,23093
871,352,tiktok,https://tiktok.com/@jorge_torres,2424
872,352,facebook,https://facebook.com/jorge_torres,2730
873,353,youtube,https://youtube.com/@javier374,10794
874,354,instagram,https://instagram.com/the.fernanda,63563
875,354,tiktok,https://tiktok.com/@fernanda_gomes,24493
876,354,facebook,https://facebook.com/the.fernanda,24588
877,355,instagram,https://instagram.com/jorge.sanchez,50365
878,355,tiktok,https://tiktok.com/@the.jorge,25661
879,356,instagram,https://instagram.com/valentina426,54722
880,357,tiktok,https://tiktok.com/@daniela860,8000
881,358,instagram,https://instagram.com/felipe.alvarez,28420
882,358,tiktok,https://tiktok.com/@felipe.alvarez,11747
883,358,x,https://x.com/felipe_alvarez,15495
884,359,instagram,https://instagram.com/fernanda.silva,754663
885,359,tiktok,https://tiktok.com/@the.fernanda,205222
886,359,youtube,https://youtube.com/@fernanda800,374296
887,360,tiktok,https://tiktok.com/@larissa_silva,46294
888,360,facebook,https://facebook.com/larissa.silva,20311
889,360,x,https://x.com/larissa.silva,34578
890,361,instagram,https://instagram.com/the.valentina,14402
891,361,tiktok,https://tiktok.com/@valentina_gonzalez,8444
892,361,youtube,https://youtube.com/@valentina_gonzalez,2698
893,361,facebook,https://facebook.com/the.valentina,7577
894,362,instagram,https://instagram.com/isabela259,64581
895,362,youtube,https://youtube.com/@the.isabela,19728
896,362,facebook,https://facebook.com/isabela372,34031
897,362,x,https://x.com/isabela_gomes,7015
898,363,tiktok,https://tiktok.com/@diego_martinez,121897
899,363,x,https://x.com/diego117,49220
900,363,other,https://linktr.ee/diego962,65927
901,364,instagram,https://instagram.com/the.sofia,26112
902,364,youtube,https://youtube.com/@sofia766,8672
903,365,instagram,https://instagram.com/martina72,176007
904,365,youtube,https://youtube.com/@the.martina,110642
905,365,facebook,https://facebook.com/martina.diaz,67792
906,366,other,https://linktr.ee/tomas.diaz,20727
907,367,instagram,https://instagram.com/constanza70,64806
908,367,facebook,https://facebook.com/constanza658,26836
909,368,instagram,https://instagram.com/ana_santos,178025
910,368,youtube,https://youtube.com/@the.ana,116490
911,368,facebook,https://facebook.com/the.ana,104900
912,369,instagram,https://instagram.com/diego178,44937
913,369,facebook,https://facebook.com/diego720,7222
914,370,facebook,https://facebook.com/julia.alves,19879
915,370,x,https://x.com/julia745,12555
916,371,instagram,https://instagram.com/valentina_gonzalez,145781
917,371,tiktok,https://tiktok.com/@the.valentina,98912
918,372,instagram,https://instagram.com/martina878,34160
919,372,tiktok,https://tiktok.com/@martina.rodriguez,21926
920,373,instagram,https://instagram.com/the.lucas,56487
921,373,tiktok,https://tiktok.com/@lucas923,8939
922,373,other,https://linktr.ee/lucas_lima,11097
923,374,instagram,https://instagram.com/guilherme_souza,281286
924,374,tiktok,https://tiktok.com/@guilherme_souza,45955
925,375,instagram,https://instagram.com/rafael.silva,150884
926,375,x,https://x.com/rafael_silva,100693
927,376,instagram,https://instagram.com/the.felipe,72495
928,376,tiktok,https://tiktok.com/@the.felipe,16490
929,377,instagram,https://instagram.com/sofia_sanchez,62657
930,377,tiktok,https://tiktok.com/@the.sofia,5247
931,378,instagram,https://instagram.com/the.gabriel,29894
932,378,tiktok,https://tiktok.com/@gabriel105,10257
933,378,facebook,https://facebook.com/gabriel_gomes,7722
934,379,instagram,https://instagram.com/beatriz158,12855
935,379,facebook,https://facebook.com/beatriz772,8341
936,379,x,https://x.com/beatriz.lima,1266
937,379,other,https://linktr.ee/the.beatriz,1357
938,380,instagram,https://instagram.com/mariana.flores,68433
939,380,tiktok,https://tiktok.com/@mariana.flores,42530
940,381,instagram,https://instagram.com/the.andres,42843
941,381,tiktok,https://tiktok.com/@andres_morales,14999
942,382,tiktok,https://tiktok.com/@nicolas.gonzalez,27146
943,382,youtube,https://youtube.com/@the.nicolas,8217
944,383,instagram,https://instagram.com/the.julian,8559
945,383,tiktok,https://tiktok.com/@julian.lopez,1981
946,384,instagram,https://instagram.com/ana_santos,32082
947,384,tiktok,https://tiktok.com/@ana.santos,22311
948,384,youtube,https://youtube.com/@ana.santos,2842
949,385,instagram,https://instagram.com/matheus.ribeiro,68509
950,386,instagram,https://instagram.com/the.julian,27093
951,386,facebook,https://facebook.com/julian363,13527
952,387,instagram,https://instagram.com/gabriel.silva,9013
953,387,tiktok,https://tiktok.com/@the.gabriel,1879
954,387,youtube,https://youtube.com/@gabriel.silva,1000
955,387,x,https://x.com/gabriel942,1223
956,388,instagram,https://instagram.com/lucas.lima,80487
957,388,tiktok,https://tiktok.com/@lucas.lima,32949
958,389,instagram,https://instagram.com/ana.ribeiro,8000
959,389,tiktok,https://tiktok.com/@ana75,4548
960,389,youtube,https://youtube.com/@ana.ribeiro,1264
961,390,tiktok,https://tiktok.com/@rodrigo184,8000
962,391,tiktok,https://tiktok.com/@the.lautaro,8000
963,391,x,https://x.com/lautaro.rodriguez,3521
964,392,instagram,https://instagram.com/isidora539,42435
965,392,tiktok,https://tiktok.com/@isidora551,9017
966,392,facebook,https://facebook.com/the.isidora,27139
967,392,x,https://x.com/the.isidora,15609
968,393,instagram,https://instagram.com/the.santiago,246206
969,393,tiktok,https://tiktok.com/@santiago.garcia,41017
970,393,facebook,https://facebook.com/santiago_garcia,118724
971,393,x,https://x.com/santiago388,33691
972,394,instagram,https://instagram.com/catalina.soto,41992
973,394,tiktok,https://tiktok.com/@the.catalina,14939
974,394,facebook,https://facebook.com/catalina_soto,24816
975,394,x,https://x.com/catalina_soto,7067
976,395,instagram,https://instagram.com/sebastian_flores,173773
977,395,facebook,https://facebook.com/sebastian.flores,20414
978,395,x,https://x.com/sebastian.flores,56326
979,396,instagram,https://instagram.com/larissa986,8000
980,396,tiktok,https://tiktok.com/@larissa.souza,2343
981,396,x,https://x.com/the.larissa,1953
982,397,instagram,https://instagram.com/diego.alvarez,84566
983,397,tiktok,https://tiktok.com/@diego.alvarez,13374
984,398,instagram,https://instagram.com/matheus_silva,29922
985,398,tiktok,https://tiktok.com/@matheus_silva,16930
986,398,youtube,https://youtube.com/@matheus_silva,8993
987,398,facebook,https://facebook.com/matheus_silva,7343
988,398,x,https://x.com/the.matheus,6213
989,398,other,https://linktr.ee/matheus.silva,6066
990,399,instagram,https://instagram.com/matheus_oliveira,8000
991,400,instagram,https://instagram.com/the.ignacio,47508
992,400,youtube,https://youtube.com/@ignacio.soto,24177
993,401,instagram,https://instagram.com/lautaro653,8000
994,401,tiktok,https://tiktok.com/@lautaro332,4784
995,401,x,https://x.com/the.lautaro,5562
996,402,x,https://x.com/andres295,69862
997,403,instagram,https://instagram.com/facundo934,8000
998,403,youtube,https://youtube.com/@facundo_romero,2904
999,404,instagram,https://instagram.com/daniela456,8000
1000,404,x,https://x.com/daniela_flores,1000
1001,405,tiktok,https://tiktok.com/@pedro.ferreira,12821
1002,405,facebook,https://facebook.com/pedro.ferreira,6947
1003,405,x,https://x.com/pedro204,3955
1004,406,instagram,https://instagram.com/mariana849,29785
1005,406,tiktok,https://tiktok.com/@mariana737,14405
1006,406,youtube,https://youtube.com/@mariana_gonzalez,9281
1007,406,other,https://linktr.ee/mariana980,16322
1008,407,instagram,https://instagram.com/santiago397,66062
1009,408,instagram,https://instagram.com/the.mariana,16772
1010,408,tiktok,https://tiktok.com/@mariana_flores,12473
1011,409,instagram,https://instagram.com/constanza365,55051
1012,409,tiktok,https://tiktok.com/@the.constanza,18106
1013,409,youtube,https://youtube.com/@constanza_flores,5758
1014,409,x,https://x.com/constanza_flores,23872
1015,410,instagram,https://instagram.com/the.isidora,69742
1016,410,tiktok,https://tiktok.com/@isidora.soto,14850
1017,410,youtube,https://youtube.com/@isidora138,39197
1018,410,facebook,https://facebook.com/isidora_soto,34684
1019,411,instagram,https://instagram.com/lucia.perez,8000
1020,411,tiktok,https://tiktok.com/@the.lucia,1369
1021,411,x,https://x.com/lucia490,1684
1022,412,instagram,https://instagram.com/matheus.souza,98395
1023,412,tiktok,https://tiktok.com/@matheus_souza,59834
1024,412,facebook,https://facebook.com/the.matheus,17675
1025,413,instagram,https://instagram.com/matias_perez,395233
1026,413,tiktok,https://tiktok.com/@matias_perez,165589
1027,414,instagram,https://instagram.com/andres_gonzalez,76526
1028,414,tiktok,https://tiktok.com/@andres_gonzalez,15658
1029,415,instagram,https://instagram.com/sofia.martinez,10277
1030,415,tiktok,https://tiktok.com/@sofia.martinez,3547
1031,416,instagram,https://instagram.com/lautaro_fernandez,19440
1032,416,tiktok,https://tiktok.com/@lautaro41,12574
1033,417,instagram,https://instagram.com/the.matheus,66093
1034,417,tiktok,https://tiktok.com/@matheus.lima,12168
1035,417,youtube,https://youtube.com/@matheus_lima,28907
1036,418,instagram,https://instagram.com/jorge543,9103
1037,418,tiktok,https://tiktok.com/@jorge_torres,3440
1038,418,facebook,https://facebook.com/jorge_torres,2045
1039,418,x,https://x.com/jorge570,1618
1040,419,instagram,https://instagram.com/agustina854,8000
1041,419,tiktok,https://tiktok.com/@agustina_martinez,2310
1042,419,youtube,https://youtube.com/@agustina_martinez,3064
1043,419,other,https://linktr.ee/agustina_martinez,5506
1044,420,instagram,https://instagram.com/the.julian,8000
1045,420,tiktok,https://tiktok.com/@the.julian,1849
1046,420,facebook,https://facebook.com/julian.romero,2527
1047,420,x,https://x.com/julian.romero,2895
1048,421,instagram,https://instagram.com/pedro.ferreira,85285
1049,421,youtube,https://youtube.com/@the.pedro,39159
1050,422,instagram,https://instagram.com/javiera.martinez,47220
1051,423,tiktok,https://tiktok.com/@daniela.garcia,24293
1052,424,tiktok,https://tiktok.com/@miguel.torres,19484
1053,425,instagram,https://instagram.com/ana.rodrigues,123059
1054,425,tiktok,https://tiktok.com/@ana962,87146
1055,426,tiktok,https://tiktok.com/@isabela.gomes,120350
1056,426,other,https://linktr.ee/isabela_gomes,76815
1057,427,instagram,https://instagram.com/diego_silva,15518
1058,427,tiktok,https://tiktok.com/@diego_silva,4953
1059,427,youtube,https://youtube.com/@diego919,10730
1060,427,facebook,https://facebook.com/the.diego,8008
1061,427,x,https://x.com/diego.silva,6254
1062,428,instagram,https://instagram.com/javiera.martinez,15286
1063,429,instagram,https://instagram.com/the.camila,28082
1064,429,tiktok,https://tiktok.com/@camila_flores,3268
1065,429,other,https://linktr.ee/camila375,10775
1066,430,instagram,https://instagram.com/the.isabela,8000
1067,430,tiktok,https://tiktok.com/@isabela_souza,4933
1068,430,youtube,https://youtube.com/@isabela.souza,1000
1069,431,instagram,https://instagram.com/valentina.diaz,399575
1070,431,tiktok,https://tiktok.com/@valentina.diaz,190913
1071,432,instagram,https://instagram.com/beatriz.lima,26443
1072,432,tiktok,https://tiktok.com/@beatriz.lima,14998
1073,432,facebook,https://facebook.com/beatriz659,5838
1074,432,x,https://x.com/beatriz_lima,15401
1075,433,instagram,https://instagram.com/lautaro.sanchez,28197
1076,433,tiktok,https://tiktok.com/@the.lautaro,7326
1077,433,youtube,https://youtube.com/@lautaro_sanchez,3892
1078,434,instagram,https://instagram.com/lucia.gonzalez,8000
1079,434,tiktok,https://tiktok.com/@lucia218,3345
1080,435,instagram,https://instagram.com/the.isidora,8000
1081,435,tiktok,https://tiktok.com/@isidora721,5414
1082,435,youtube,https://youtube.com/@the.isidora,5616
1083,436,instagram,https://instagram.com/the.rafael,382470
1084,436,tiktok,https://tiktok.com/@rafael.lima,64340
1085,436,x,https://x.com/the.rafael,236753
1086,437,instagram,https://instagram.com/the.javiera,19584
1087,437,other,https://linktr.ee/javiera_diaz,14230
1088,438,instagram,https://instagram.com/the.diego,170162
1089,439,instagram,https://instagram.com/lucia_gonzalez,25368
1090,439,tiktok,https://tiktok.com/@lucia_gonzalez,4779
1091,440,instagram,https://instagram.com/javier86,8813
1092,440,tiktok,https://tiktok.com/@javier77,5715
1093,440,facebook,https://facebook.com/javier_lopez,4893
1094,440,x,https://x.com/javier_lopez,1630
1095,440,other,https://linktr.ee/the.javier,6326
1096,441,instagram,https://instagram.com/sofia.lopez,51221
1097,442,instagram,https://instagram.com/andres75,39619
1098,442,tiktok,https://tiktok.com/@andres881,21923
1099,442,other,https://linktr.ee/andres_ramirez,19105
1100,443,tiktok,https://tiktok.com/@mariana.garcia,8000
1101,443,facebook,https://facebook.com/mariana_garcia,5277
1102,444,instagram,https://instagram.com/isabela601,178323
1103,445,instagram,https://instagram.com/the.miguel,24931
1104,445,facebook,https://facebook.com/the.miguel,11666
1105,445,x,https://x.com/miguel.garcia,8726
1106,446,instagram,https://instagram.com/mateo.perez,54629
1107,446,tiktok,https://tiktok.com/@mateo_perez,39420
1108,447,instagram,https://instagram.com/joão845,8000
1109,447,tiktok,https://tiktok.com/@joão272,2671
1110,447,other,https://linktr.ee/joão_gomes,2446
1111,448,instagram,https://instagram.com/javier715,22985
1112,448,tiktok,https://tiktok.com/@the.javier,15283
1113,449,instagram,https://instagram.com/the.diego,39307
1114,449,tiktok,https://tiktok.com/@diego_diaz,15042
1115,450,tiktok,https://tiktok.com/@valentina_ramirez,29557
1116,451,instagram,https://instagram.com/valentina_ramirez,101311
1117,451,tiktok,https://tiktok.com/@valentina741,41694
1118,452,instagram,https://instagram.com/nicolas625,27859
1119,453,instagram,https://instagram.com/the.jorge,30739
1120,453,tiktok,https://tiktok.com/@the.jorge,11380
1121,454,instagram,https://instagram.com/larissa_gomes,14788
1122,454,tiktok,https://tiktok.com/@the.larissa,6215
1123,454,facebook,https://facebook.com/larissa_gomes,4632
1124,454,x,https://x.com/the.larissa,7518
1125,455,instagram,https://instagram.com/santiago944,33671
1126,455,youtube,https://youtube.com/@the.santiago,10792
1127,455,facebook,https://facebook.com/santiago.perez,12452
1128,455,x,https://x.com/santiago.perez,15178
1129,456,instagram,https://instagram.com/julian_diaz,17143
1130,457,instagram,https://instagram.com/the.diego,119690
1131,457,tiktok,https://tiktok.com/@diego212,32373
1132,457,facebook,https://facebook.com/diego876,33319
1133,458,instagram,https://instagram.com/the.camila,16416
1134,458,tiktok,https://tiktok.com/@camila_munoz,9075
1135,458,youtube,https://youtube.com/@camila_munoz,10904
1136,458,facebook,https://facebook.com/camila614,9596
1137,458,other,https://linktr.ee/camila.munoz,10963
1138,459,instagram,https://instagram.com/julia.ferreira,25400
1139,459,youtube,https://youtube.com/@julia.ferreira,18645
1140,459,x,https://x.com/julia_ferreira,5463
1141,460,instagram,https://instagram.com/matheus.oliveira,36766
1142,461,instagram,https://instagram.com/pedro.ferreira,102488
1143,462,instagram,https://instagram.com/andres.martinez,318048
1144,462,tiktok,https://tiktok.com/@andres_martinez,187177
1145,462,x,https://x.com/the.andres,58582
1146,463,instagram,https://instagram.com/rodrigo814,8000
1147,463,facebook,https://facebook.com/rodrigo_martinez,1503
1148,464,instagram,https://instagram.com/guilherme.ribeiro,34900
1149,464,tiktok,https://tiktok.com/@guilherme.ribeiro,15059
1150,465,instagram,https://instagram.com/karla.torres,233610
1151,465,tiktok,https://tiktok.com/@karla.torres,169293
1152,465,youtube,https://youtube.com/@karla.torres,120284
1153,466,instagram,https://instagram.com/gabriel_gomes,320130
1154,466,tiktok,https://tiktok.com/@gabriel.gomes,188310
1155,466,youtube,https://youtube.com/@gabriel_gomes,118698
1156,467,instagram,https://instagram.com/the.fernanda,18292
1157,467,tiktok,https://tiktok.com/@fernanda.gomes,3393
1158,467,facebook,https://facebook.com/fernanda_gomes,3949
1159,468,instagram,https://instagram.com/ignacio693,36857
1160,469,instagram,https://instagram.com/miguel532,11155
1161,469,tiktok,https://tiktok.com/@miguel_martinez,5895
1162,470,instagram,https://instagram.com/the.valentina,16678
1163,470,youtube,https://youtube.com/@valentina_flores,1585
1164,471,instagram,https://instagram.com/miguel.flores,60752
1165,471,tiktok,https://tiktok.com/@the.miguel,23856
1166,471,youtube,https://youtube.com/@miguel.flores,21595
1167,472,instagram,https://instagram.com/andres_lopez,56847
1168,472,tiktok,https://tiktok.com/@andres.lopez,39461
1169,472,youtube,https://youtube.com/@andres394,27367
1170,473,facebook,https://facebook.com/the.isabela,31478
1171,474,tiktok,https://tiktok.com/@rodrigo_flores,261554
1172,474,youtube,https://youtube.com/@rodrigo499,121690
1173,475,instagram,https://instagram.com/julia838,71401
1174,476,instagram,https://instagram.com/the.santiago,76644
1175,476,tiktok,https://tiktok.com/@santiago.romero,13994
1176,477,youtube,https://youtube.com/@jorge473,8000
1177,477,facebook,https://facebook.com/jorge_hernandez,4304
1178,477,x,https://x.com/the.jorge,2222
1179,478,instagram,https://instagram.com/the.miguel,18849
1180,478,facebook,https://facebook.com/miguel_martinez,4962
1181,479,tiktok,https://tiktok.com/@the.catalina,18563
1182,479,youtube,https://youtube.com/@catalina107,7355
1183,479,facebook,https://facebook.com/catalina100,7833
1184,480,tiktok,https://tiktok.com/@diego167,18538
1185,481,instagram,https://instagram.com/julia705,15351
1186,481,tiktok,https://tiktok.com/@julia_souza,6946
1187,482,instagram,https://instagram.com/tomas_diaz,119242
1188,483,instagram,https://instagram.com/pedro.oliveira,8000
1189,484,instagram,https://instagram.com/the.nicolas,450004
1190,485,instagram,https://instagram.com/the.miguel,23971
1191,485,tiktok,https://tiktok.com/@the.miguel,11669
1192,486,instagram,https://instagram.com/the.fernanda,71683
1193,486,facebook,https://facebook.com/fernanda.souza,11259
1194,487,instagram,https://instagram.com/isidora.flores,51825
1195,487,tiktok,https://tiktok.com/@isidora_flores,18855
1196,488,instagram,https://instagram.com/mateo.martinez,376288
1197,488,tiktok,https://tiktok.com/@mateo.martinez,221046
1198,489,instagram,https://instagram.com/felipe_gonzalez,12040
1199,489,tiktok,https://tiktok.com/@felipe.gonzalez,6891
1200,489,facebook,https://facebook.com/the.felipe,8130
1201,490,instagram,https://instagram.com/gabriel.oliveira,41077
1202,491,instagram,https://instagram.com/fernanda277,50806
1203,491,tiktok,https://tiktok.com/@the.fernanda,12949
1204,491,youtube,https://youtube.com/@fernanda_perez,26694
1205,492,instagram,https://instagram.com/the.camila,48411
1206,492,facebook,https://facebook.com/camila.gonzalez,31374
1207,493,instagram,https://instagram.com/lucas.santos,26954
1208,493,youtube,https://youtube.com/@lucas.santos,10680
1209,494,tiktok,https://tiktok.com/@fernanda_lopez,8000
1210,494,facebook,https://facebook.com/fernanda.lopez,5543
1211,494,x,https://x.com/fernanda_lopez,3744
1212,495,instagram,https://instagram.com/the.julian,37657
1213,495,tiktok,https://tiktok.com/@the.julian,4040
1214,495,other,https://linktr.ee/julian_torres,26799
1215,496,instagram,https://instagram.com/emma.martinez,11131
1216,496,tiktok,https://tiktok.com/@the.emma,5181
1217,497,instagram,https://instagram.com/the.gabriel,27394
1218,498,instagram,https://instagram.com/guilherme.souza,78411
1219,498,tiktok,https://tiktok.com/@the.guilherme,14127
1220,498,facebook,https://facebook.com/guilherme733,30935
1221,498,x,https://x.com/the.guilherme,40486
1222,499,instagram,https://instagram.com/jorge.hernandez,28950
1223,499,tiktok,https://tiktok.com/@jorge.hernandez,21110
1224,499,youtube,https://youtube.com/@jorge_hernandez,3178
1225,500,instagram,https://instagram.com/ignacio.contreras,13243
1226,500,youtube,https://youtube.com/@ignacio_contreras,9927
